111027,177.64891052246094,177.64891052246094,
111029,182.64199829101562,178.40465398254395,
111030,186.0681915283203,179.3760790016803,
111031,192.28927612304688,180.77046956881728,
111033,224.68531799316406,184.65398135158753,
111034,224.67601013183594,188.23305602246663,
111036,224.6017303466797,191.52628981531348,
111037,224.16334533691406,194.5268342477765,
111039,222.73117065429688,197.177875696075,
111040,222.25997924804688,199.5838161523353,
111041,221.69024658203125,201.7559195051016,
111043,220.98646545410156,203.7017211292216,
111044,220.49874877929688,205.4562461890161,
111046,219.52084350585938,206.99513938620498,
111047,219.07208251953125,208.37770050427017,
111048,218.6063995361328,209.61479756763407,
111050,217.27456665039062,210.64834064320644,
111051,216.72860717773438,211.557274700562,
111053,215.01385498046875,212.25760698841165,
111054,214.34365844726562,212.84942352938856,
111055,213.46688842773438,213.32464306129467,
111057,211.87960815429688,213.63540054787606,
111058,211.21963500976562,213.86892695281537,
111060,210.7732696533203,214.04839309130148,
111061,210.4776611328125,214.19011717441327,
111062,210.28843688964844,214.30558264992396,
111063,210.15396118164062,214.4012337734675,
111064,209.9645233154297,214.47421206227983,
111066,209.61561584472656,214.51350106975664,
111067,209.22914123535156,214.51872241317687,
111069,208.81521606445312,214.49033864883557,
111070,208.53736877441406,214.44189114220467,
111071,208.3367462158203,214.38114230139308,
111073,207.7414093017578,214.27739799942515,
111074,207.52035522460938,214.1640379648838,
111076,206.64564514160156,213.98939093638634,
111077,205.51068115234375,213.7373771935789,
111078,204.96096801757812,213.46098393205082,
111079,204.37974548339844,213.15959057633302,
111080,203.8740997314453,212.8412133917257,
111082,202.8450164794922,212.46520082614802,
111083,202.21609497070312,212.06815293819363,
111084,201.74171447753906,211.66410887952554,
111086,200.9548797607422,211.2285569219582,
111087,200.68431091308594,210.80536550589053,
111089,200.51397705078125,210.40160688280255,
111090,200.52719116210938,210.03048195576858,
111091,200.69046020507812,209.70147317527474,
111093,201.15467834472656,209.43542317621532,
111094,201.47210693359375,209.2156360599095,
111096,202.34646606445312,209.08315989839375,
111097,202.74603271484375,208.99308861806983,
111098,203.19688415527344,208.9462191973897,
111100,203.91510009765625,208.96061588398587,
111101,204.42811584472656,209.01503061260524,
111102,204.62901306152344,209.08130206623372,
111103,204.92474365234375,209.16610868557223,
111104,205.17185974121094,209.2641021376056,
111106,205.92459106445312,209.41480155381396,
111107,206.27838134765625,209.58209025638774,
111109,207.30709838867188,209.8188000891097,
111110,207.78103637695312,210.07500903957296,
111111,208.4568328857422,210.36538133011487,
111113,209.173095703125,210.6904907854905,
111114,209.3459014892578,211.0040357055036,
111116,209.3438720703125,211.2928986533723,
111117,209.56642150878906,211.57702098368347,
111118,209.52284240722656,211.835429903819,
111119,209.70066833496094,212.08789288580422,
111120,209.9078826904297,212.33723185390681,
111122,210.29132080078125,212.59782425115395,
111123,210.558837890625,212.85949319354185,
111125,211.09283447265625,213.1435261505139,
111126,211.43557739257812,213.4328357124285,
111127,211.7451629638672,213.72435002941876,
111129,212.54852294921875,214.05749739764556,
111130,212.66831970214844,214.374200341262,
111132,213.04550170898438,214.69638711163586,
111133,213.18875122070312,215.00486748740633,
111134,213.3123779296875,215.2991395598521,
111136,213.43687438964844,215.5803841723215,
111137,213.4433135986328,215.8401518806563,
111139,213.3824920654297,216.07472786723645,
111140,213.35081481933594,216.28841949652931,
111141,213.34226989746094,216.48471513767709,
111143,213.14859008789062,216.65012733895958,
111144,213.1372833251953,216.8016975037336,
111145,212.9810028076172,216.92888118411256,
111146,212.79429626464844,217.03114523593976,
111148,212.44021606445312,217.0970150068584,
111149,212.3168182373047,217.14783725595393,
111151,212.05332946777344,217.17355340585377,
111152,211.9918670654297,217.19232926816346,
111154,211.9098663330078,217.2030603993003,
111155,211.8933868408203,217.21163070070884,
111156,211.90887451171875,217.22077291575326,
111157,212.0161590576172,217.23780443016227,
111158,212.03712463378906,217.2551855193535,
111159,212.11053466796875,217.27709489211114,
111161,212.34390258789062,217.31600705909688,
111162,212.4706573486328,217.36204202643586,
111164,212.9521026611328,217.4430889733914,
111165,213.31460571289062,217.54687079384604,
111166,213.79417419433594,217.68099826815302,
111168,214.735107421875,217.88009981881783,
111169,215.1212158203125,218.09459752177534,
111171,215.56063842773438,218.32756319747682,
111172,215.84437561035156,218.56506667938433,
111173,216.02780151367188,218.79870814645298,
111175,216.3997039794922,219.04390542855563,
111176,216.63613891601562,219.28889036510702,
111178,217.230712890625,219.5624023123838,
111179,217.49859619140625,219.83600986610617,
111180,218.0441131591797,220.13197176994288,
111181,218.3146514892578,220.42648662697184,
111182,218.5615234375,220.71776955243013,
111184,219.0310821533203,221.0239327621264,
111185,219.22735595703125,221.32189516788202,
111187,219.3582305908203,221.60705305913743,
111188,219.38180541992188,221.8718023045906,
111189,219.26783752441406,222.10670793382963,
111191,219.09657287597656,222.3095085180575,
111192,218.99554443359375,222.48834761551961,
111193,218.9248809814453,222.6475342866979,
111195,218.8800506591797,222.79067716834433,
111196,218.8642120361328,222.92135601907768,
111198,218.8267059326172,223.0388077941817,
111199,218.79949951171875,223.14489288551655,
111201,219.00271606445312,223.2589800902383,
111202,219.11557006835938,223.3731965666641,
111204,219.51998901367188,223.51091571404746,
111205,219.7073516845703,223.6528917103115,
111206,219.92628479003906,223.8013236187263,
111208,220.50538635253906,223.9845920972155,
111209,220.78781127929688,224.17617945981286,
111210,221.08172607421875,224.37635665720785,
111212,221.2811279296875,224.57687202657513,
111213,221.37899780273438,224.76955625787627,
111215,221.64157104492188,224.9682309563131,
111216,221.858154296875,225.16873927013881,
111217,221.9998779296875,225.36493406917492,
111219,222.3108367919922,225.57072533568322,
111220,222.3593292236328,225.76431281816815,
111221,222.48526000976562,225.9528614085706,
111223,222.68759155273438,226.14289248894968,
111224,222.76242065429688,226.32406443278842,
111225,222.91204833984375,226.50306887099987,
111227,223.33740234375,226.70218855325643,
111228,223.63597106933594,226.90968228815254,
111230,224.19955444335938,227.14614939957644,
111231,224.37591552734375,227.37826894182254,
111232,224.54153442382812,227.60551937136302,
111234,224.63790893554688,227.8227280531533,
111235,224.79039001464844,228.03517999857152,
111237,224.87855529785156,228.23808905757093,
111238,224.93357849121094,228.42954348826402,
111239,224.84423828125,228.59886109763804,
111241,224.80242919921875,228.7515849815801,
111242,224.6982421875,228.88401005945803,
111244,224.64657592773438,229.00193586221272,
111245,224.5432891845703,229.10235627039023,
111246,224.502685546875,229.1916673909051,
111248,224.43258666992188,229.26837245186405,
111249,224.3889617919922,229.33558046184606,
111251,224.36334228515625,229.39547812099926,
111252,224.38168334960938,229.4521627365758,
111253,224.3047637939453,229.49824566684998,
111254,224.33863830566406,229.5434416478166,
111255,224.3453826904297,229.5856442027298,
111257,224.3114471435547,229.62182488698943,
111258,224.29083251953125,229.65352294889325,
111259,224.244873046875,229.67905627264918,
111261,224.21072387695312,229.69985412705967,
111262,224.12391662597656,229.71206364772692,
111264,224.01544189453125,229.7146187104161,
111265,223.99472045898438,229.7153121080721,
111266,224.0215301513672,229.71810141936055,
111267,224.0677032470703,229.7243756887816,
111269,224.20285034179688,229.740998107331,
111270,224.26560974121094,229.76135395658284,
111272,224.49298095703125,229.79835314993198,
111273,224.48916625976562,229.83215306764052,
111274,224.53358459472656,229.86687218224813,
111275,224.50662231445312,229.89671388721547,
111278,224.1869659423828,229.89858552981434,
111279,224.2000274658203,229.90135834414167,
111281,224.18463134765625,229.90267955571184,
111282,224.3312530517578,229.91565650920617,
111283,224.49473571777344,229.9407299747517,
111285,224.9595184326172,230.00111826902202,
111286,225.1917724609375,230.0754109717517,
111288,225.7640380859375,230.18978968825292,
111289,226.0154266357422,230.31538535081808,
111290,226.28045654296875,230.4524148311302,
111292,226.8316650390625,230.62293552746863,
111293,227.0294189453125,230.79598136863464,
111295,227.54049682617188,230.9964834710664,
111296,227.76138305664062,231.19902138477158,
111297,227.97544860839844,231.402888890876,
111298,228.10369873046875,231.6010996177931,
111299,228.37879943847656,231.8058733426475,
111301,228.66165161132812,232.017318506481,
111302,228.8359832763672,232.22621005803884,
111303,228.94284057617188,232.4273362457092,
111305,229.27711486816406,232.6395431637215,
111306,229.3716583251953,232.84273788599916,
111307,229.4571533203125,233.0368994796031,
111309,229.4821319580078,233.2178809233304,
111310,229.3633270263672,233.37518146264063,
111312,229.05303955078125,233.4952960442348,
111313,228.89210510253906,233.59311072279928,
111314,228.6494140625,233.6638124720889,
111315,228.3224334716797,233.70276150120026,
111316,228.15194702148438,233.72499170292946,
111318,227.99659729003906,233.73302445442152,
111319,227.9761962890625,233.73879288446858,
111320,227.93824768066406,233.7410667448924,
111322,228.1083221435547,233.75680276135492,
111323,228.18812561035156,233.77770845936718,
111325,228.336181640625,233.8088534254228,
111326,228.3280792236328,233.83691304129007,
111327,228.353515625,233.8648183945862,
111329,228.45834350585938,233.8989487452995,
111330,228.47210693359375,233.9315139294913,
111332,228.65191650390625,233.97595324381837,
111333,228.69967651367188,234.02074775654827,
111334,228.80667114257812,234.07062030762097,
111335,228.8815460205078,234.12259779040974,
111337,229.16574096679688,234.1933030687368,
111339,229.5335235595703,234.28797535823912,
111340,229.75210571289062,234.39277456339866,
111341,229.98477172851562,234.50803828516786,
111343,230.33522033691406,234.64239436228826,
111344,230.3818359375,234.76998236534484,
111346,230.4765625,234.89519005687487,
111347,230.39462280273438,235.00403494320656,
111348,230.2915496826172,235.0961016951937,
111350,229.9446258544922,235.15314553615985,
111351,229.81797790527344,235.1955713832351,
111353,229.57957458496094,235.21555958277997,
111354,229.4296875,235.2219637609066,
111355,229.26333618164062,235.21452575657128,
111356,229.0772247314453,235.19274326586932,
111357,229.05453491210938,235.17084444242954,
111359,228.94444274902344,235.14182871550324,
111360,228.9346466064453,235.1142963677878,
111362,228.8105926513672,235.07896792246643,
111363,228.77301025390625,235.04338805329286,
111364,228.73423767089844,235.00748096873144,
111366,228.66558837890625,234.96887614496492,
111367,228.63262939453125,234.93064690787006,
111369,228.6370849609375,234.8957645335418,
111370,228.61187744140625,234.86158831781964,
111371,228.7009735107422,234.83723018692768,
111372,228.6865234375,234.81361796599745,
111373,228.7480926513672,234.7967900716961,
111375,228.805419921875,234.78587576582385,
111376,228.88641357421875,234.78231064958877,
111378,228.89561462402344,234.77976224963763,
111379,228.90985107421875,234.77855489786833,
111380,228.947509765625,234.78046218805815,
111382,228.93495178222656,234.78121317788657,
111383,228.93873596191406,234.78220893152135,
111385,228.94537353515625,234.78365915059592,
111386,228.96971130371094,234.78694785157694,
111387,228.99508666992188,234.79201448051134,
111388,228.97372436523438,234.79497164222715,
111390,228.91160583496094,234.79271564776886,
111391,228.83590698242188,234.78456502410356,
111392,228.78172302246094,234.77270622562003,
111393,228.733154296875,234.7578795733859,
111394,228.5684356689453,234.73100193139655,
111396,228.400146484375,234.6927293284082,
111397,228.30421447753906,234.6497558960253,
111398,228.29257202148438,234.6092092610792,
111400,228.17929077148438,234.56274821673586,
111401,228.1673583984375,234.5189634497418,
111403,227.92759704589844,234.45937379105303,
111404,227.8476104736328,234.39802912057803,
111406,227.7352752685547,234.33247231988693,
111407,227.63912963867188,234.26433118149325,
111408,227.57073974609375,234.1960338107372,
111409,227.54420471191406,234.13094918463304,
111410,227.4610137939453,234.06428226466917,
111412,227.2781524658203,233.98816321933083,
111413,227.1878204345703,233.9107520544317,
111415,227.0825653076172,233.83095298144605,
111416,227.08055114746094,233.75723266032333,
111417,227.04676818847656,233.68656787500186,
111419,226.8964385986328,233.60937264278706,
111420,226.8289337158203,233.53280018612992,
111421,226.78372192382812,233.45858970986558,
111423,226.65573120117188,233.37991763688808,
111424,226.60113525390625,233.30301912504675,
111426,226.57696533203125,233.230195649097,
111427,226.59494018554688,233.16450855221848,
111429,226.58840942382812,233.10343441922603,
111430,226.5673065185547,233.04544383043063,
111431,226.54193115234375,232.98995300130892,
111433,226.4798126220703,232.93381964889662,
111434,226.45274353027344,232.87990498348086,
111436,226.4285888671875,232.8282692409211,
111437,226.37388610839844,232.77628425217463,
111438,226.34481811523438,232.72603323649636,
111440,226.2900390625,232.67531857021487,
111441,226.27406311035156,232.62728851947426,
111443,226.2065887451172,232.57760297460976,
111444,226.19125366210938,232.53057296569645,
111445,226.17596435546875,232.4859945010876,
111447,226.17752075195312,232.4450268954092,
111448,226.13650512695312,232.40397350336985,
111450,226.1034393310547,232.3634786097569,
111451,226.08067321777344,232.32432457453933,
111452,226.11508178710938,232.29099195213652,
111453,226.1296844482422,232.26143707422847,
111454,226.18455505371094,232.23859401033144,
111456,226.2920379638672,232.22615740342567,
111457,226.3860321044922,232.22223166925806,
111458,226.4862060546875,232.22664687830803,
111460,226.71682739257812,232.24921264930913,
111461,226.82345581054688,232.27856537613903,
111463,227.11988830566406,232.32939660583924,
111464,227.24636840820312,232.3863965376005,
111466,227.63531494140625,232.47013258666092,
111467,227.79481506347656,232.56011238647486,
111468,228.01693725585938,232.66086996577243,
111470,228.33963012695312,232.7796282706307,
111471,228.49334716796875,232.90142778273847,
111473,228.70513916015625,233.03068829077287,
111474,228.8052520751953,233.1578696828651,
111475,228.94717407226562,233.28648763426077,
111477,229.15174865722656,233.42145454357117,
111479,229.39015197753906,233.56498698686255,
111481,229.5348663330078,233.70890128439714,
111482,229.6104278564453,233.8476215180442,
111484,229.6508331298828,233.97873433234977,
111485,229.65826416015625,234.10019009320456,
111486,229.671875,234.21323960291596,
111488,229.6265411376953,234.3138128652111,
111489,229.63128662109375,234.40690188616333,
111491,229.63909912109375,234.4933379081771,
111492,229.60888671875,234.5705915986014,
111494,229.60789489746094,234.64172450636715,
111495,229.61566162109375,234.70791771198097,
111496,229.59291076660156,234.7671099903855,
111498,229.64520263671875,234.8258672406022,
111499,229.6539764404297,234.88073333290959,
111501,229.7335968017578,234.93769444977704,
111502,229.80406188964844,234.9958525073543,
111504,230.038330078125,235.06825091354483,
111505,230.1679229736328,235.14538111459098,
111506,230.24688720703125,235.22281266543388,
111507,230.3755340576172,235.30450654641785,
111508,230.4576873779297,235.38640066219796,
111509,230.50750732421875,235.46588621781643,
111510,230.53599548339844,235.54144075335176,
111511,230.56222534179688,235.61319055885178,
111513,230.51942443847656,235.6758968971154,
111514,230.5697784423828,235.7377379908401,
111516,230.5756378173828,235.7952130329105,
111517,230.6061553955078,235.85064103645664,
111518,230.61341857910156,235.90231707744968,
111519,230.6164093017578,235.95019190799408,
111521,230.70603942871094,236.00151126297158,
111523,230.83087158203125,236.0588289830861,
111524,230.91285705566406,236.11823969247303,
111525,230.9680633544922,236.1774320295519,
111527,230.9862823486328,236.23345668920132,
111528,230.99746704101562,236.28599723279524,
111530,231.01031494140625,236.33545950749146,
111531,230.97874450683594,236.37852188345386,
111532,231.0108642578125,236.42079278564432,
111533,230.98516845703125,236.45769730006083,
111534,230.9823455810547,236.4914894867967,
111536,230.9674530029297,236.52144473976418,
111537,230.96446228027344,236.54881763599255,
111538,230.91720581054688,236.5702600028638,
111540,230.83428955078125,236.5833756926125,
111541,230.79928588867188,236.59265844172168,
111543,230.68113708496094,236.59173974579292,
111544,230.59649658203125,236.58410472355084,
111545,230.55172729492188,236.5734762632219,
111547,230.4937744140625,236.55903112744576,
111548,230.4898681640625,236.54540232003734,
111549,230.448974609375,236.5295596222823,
111551,230.4224090576172,236.51282526624072,
111553,230.47262573242188,236.50142691416093,
111554,230.5166015625,236.49444677478607,
111555,230.5977783203125,236.49452285828687,
111557,230.74676513671875,236.50654173473367,
111558,230.82980346679688,236.52428040911462,
111560,230.96121215820312,236.55117089620978,
111561,231.00804138183594,236.57971425094942,
111562,231.06365966796875,236.6104861018963,
111564,231.16891479492188,236.64729305528076,
111565,231.23631286621094,236.6866270302279,
111567,231.4082489013672,236.73667435835372,
111568,231.4958038330078,236.7898298909377,
111569,231.53367614746094,236.84186602049277,
111571,231.6558837890625,236.89963397757305,
111572,231.72239685058594,236.95821882794382,
111573,231.7737274169922,237.0163390544414,
111574,231.89552307128906,237.07968229070147,
111575,231.94334411621094,237.14190733368875,
111577,232.08843994140625,237.2109030634951,
111578,232.1969451904297,237.28320544820224,
111580,232.35629272460938,237.36263345866652,
111581,232.43345642089844,237.44203872715485,
111582,232.47012329101562,237.5181751866308,
111584,232.54153442382812,237.5940849478273,
111585,232.5621337890625,237.66571063479003,
111587,232.63624572753906,237.73767897049808,
111588,232.65216064453125,237.80529575869656,
111589,232.73512268066406,237.87427846935574,
111591,232.83383178710938,237.9457832023783,
111592,232.93589782714844,238.0198819616896,
111594,233.25967407226562,238.1141530528812,
111595,233.4230499267578,238.21415488827188,
111597,233.79318237304688,238.3360212023274,
111598,234.00619506835938,238.46544118878782,
111599,234.2406463623047,238.60354352608147,
111601,234.7668914794922,238.7730511189972,
111602,235.0580291748047,238.95265246131095,
111603,235.2115936279297,239.1305248477964,
111605,235.57846069335938,239.32391035230617,
111606,235.6724395751953,239.5097102166865,
111608,235.9223175048828,239.70102074163322,
111609,236.00723266601562,239.88418097945194,
111611,236.13626098632812,240.06336615796232,
111612,236.0921630859375,240.22500240390187,
111613,236.0922393798828,240.37400481418337,
111614,235.9610137939453,240.50083094398866,
111615,235.86166381835938,240.60977140240118,
111617,235.71749877929688,240.69863068083302,
111618,235.59027099609375,240.7703374954786,
111619,235.5220489501953,240.83096542913785,
111621,235.44613647460938,240.88076407784294,
111622,235.44261169433594,240.9263857848414,
111624,235.41015625,240.9658369477168,
111625,235.3863067626953,241.00029030077351,
111627,235.248046875,241.02096095862805,
111628,235.3004150390625,241.04421509779615,
111629,235.29354858398438,241.06510007358406,
111630,235.3313751220703,241.08738553261983,
111631,235.35433959960938,241.10977001985765,
111632,235.42364501953125,241.13596233487118,
111633,235.47027587890625,241.16384620577256,
111635,235.5817108154297,241.19848663987858,
111636,235.61279296875,241.23291098073383,
111637,235.63172912597656,241.26616201794377,
111639,235.61953735351562,241.2958350438925,
111640,235.5606689453125,241.3184663928742,
111641,235.55250549316406,241.33867326150323,
111643,235.5101776123047,241.3539052569605,
111644,235.5733642578125,241.37301367934276,
111646,235.6380157470703,241.3958128725332,
111647,235.63404846191406,241.41651099254662,
111649,235.6288604736328,241.43517444291484,
111650,235.63169860839844,241.45260602987247,
111651,235.578125,241.46437786333647,
111652,235.5572967529297,241.4735587140085,
111653,235.51722717285156,241.47880804183575,
111655,235.50755310058594,241.4828710116312,
111656,235.49331665039062,241.48547449388298,
111657,235.47714233398438,241.48657720364687,
111659,235.46224975585938,241.4863992967416,
111660,235.42935180664062,241.48359688662902,
111662,235.41603088378906,241.4799452869745,
111663,235.40615844726562,241.4757874730038,
111664,235.40306091308594,241.4717063778444,
111666,235.39364624023438,241.46718936756378,
111667,235.4074249267578,241.4641306381463,
111668,235.40171813964844,241.46085341704304,
111669,235.4910888671875,241.46500000697873,
111670,235.4827423095703,241.46815293966054,
111672,235.5792236328125,241.47879711513065,
111673,235.6427459716797,241.49370340765614,
111675,235.68016052246094,241.51044467507882,
111676,235.66404724121094,241.52458449023277,
111678,235.7767791748047,241.54665967291592,
111680,235.83995056152344,241.5720749215281,
111682,235.94317626953125,241.60378139948102,
111683,235.95272827148438,241.63377450141465,
111684,235.97425842285156,241.66314886091672,
111685,235.9468231201172,241.68802583422644,
111686,235.9741973876953,241.7131528444831,
111688,235.97979736328125,241.7367640405797,
111689,236.04786682128906,241.76398801167375,
111691,236.01510620117188,241.78645566649485,
111692,236.1000518798828,241.81397899414154,
111694,236.19020080566406,241.84657994141392,
111695,236.2675323486328,241.8828334843557,
111696,236.29330444335938,241.91831892223652,
111698,236.42120361328125,241.96128691230277,
111699,236.40394592285156,241.99951073877338,
111701,236.47137451171875,242.04015323484114,
111702,236.42628479003906,242.0740012920377,
111703,236.41571044921875,242.1043543690277,
111705,236.31951904296875,242.12461928461585,
111706,236.25706481933594,242.13829065506962,
111707,236.25975036621094,242.1511083052133,
111708,236.20396423339844,242.1584495672642,
111709,236.18536376953125,242.16372498542054,
111711,236.11061096191406,242.16259269070616,
111712,236.1100616455078,242.1615048862627,
111714,236.0737762451172,242.15759205901537,
111715,236.07781982421875,242.15430950990273,
111717,236.0861358642578,242.1519506025418,
111718,236.13665771484375,242.1538280141535,
111719,236.0829315185547,242.15124977123477,
111721,236.03123474121094,242.14472706536932,
111722,236.08059692382812,242.14267328214848,
111724,236.1268310546875,242.1444880820704,
111725,236.12522888183594,242.14603247037576,
111727,236.18704223632812,242.1524135185459,
111728,236.17430114746094,242.157273733422,
111729,236.21182250976562,242.1647630927516,
111731,236.19125366210938,242.1700171625996,
111732,236.21580505371094,242.17682938579196,
111734,236.298583984375,242.1897477633699,
111735,236.34552001953125,242.20542019384078,
111737,236.34506225585938,242.21983032760235,
111738,236.3428955078125,242.23293981571044,
111739,236.34486389160156,242.24518200622833,
111741,236.2810821533203,242.25135156203757,
111742,236.24990844726562,242.25453852735694,
111744,236.222900390625,242.25531022584576,
111745,236.25881958007812,242.2589022965069,
111746,236.2245330810547,242.25946369002065,
111748,236.2435760498047,242.2615084286554,
111749,236.25413513183594,242.26424010710778,
111750,236.2782440185547,242.26869170102003,
111751,236.34085083007812,242.27781624657254,
111752,236.3453369140625,242.2865870365984,
111753,236.27285766601562,242.28885911515084,
111755,236.37457275390625,242.29911106720934,
111756,236.3655548095703,242.3078380774811,
111758,236.45358276367188,242.3229424774686,
111759,236.51669311523438,242.34192716357234,
111760,236.59823608398438,242.36596699331653,
111762,236.61585998535156,242.38954034526438,
111763,236.67625427246094,242.41611388291608,
111765,236.6710205078125,242.44018962199863,
111766,236.68182373046875,242.46324905674194,
111768,236.69992065429688,242.48595661697934,
111769,236.69981384277344,242.506879879722,
111770,236.67083740234375,242.52384303279572,
111772,236.61973571777344,242.53538131219653,
111773,236.62782287597656,242.5466658882361,
111775,236.6304931640625,242.55728216753386,
111776,236.64605712890625,242.568316483771,
111778,236.65716552734375,242.5793788100331,
111779,236.67446899414062,242.5909638004186,
111780,236.65846252441406,242.60035912568387,
111782,236.73268127441406,242.61497208026339,
111783,236.77345275878906,242.63171217484168,
111785,236.94854736328125,242.66118578130423,
111786,237.02029418945312,242.69410864720038,
111787,237.0582275390625,242.72749919962212,
111788,237.10557556152344,242.76207592224586,
111789,237.16659545898438,242.7988425409368,
111791,237.27108764648438,242.8411142834836,
111792,237.2894744873047,242.88155500039701,
111794,237.26075744628906,242.91653014655836,
111795,237.33885192871094,242.95503341378014,
111796,237.40017700195312,242.99544399637918,
111798,237.52760314941406,243.04291404844534,
111799,237.59083557128906,243.09174318267432,
111801,237.63687133789062,243.14044594708804,
111802,237.62355041503906,243.1842718173119,
111803,237.6018829345703,243.22293277255065,
111805,237.63946533203125,243.2615845493661,
111806,237.60768127441406,243.2946646758137,
111808,237.59486389160156,243.3241299822715,
111809,237.5410614013672,243.34697614204754,
111811,237.5726318359375,243.37056768098162,
111812,237.51083374023438,243.38735815429567,
111813,237.47869873046875,243.40025838481333,
111815,237.43418884277344,243.40858012431136,
111816,237.44638061523438,243.417228883932,
111818,237.33128356933594,243.41597052746926,
111819,237.3046112060547,243.41267145094676,
111820,237.25160217285156,243.40537903774543,
111822,237.13381958007812,243.38921072731603,
111823,237.0657196044922,243.36884516072018,
111825,236.86480712890625,243.33395900089016,
111826,236.82510375976562,243.29861672855375,
111827,236.7447052001953,243.2595902574365,
111828,236.73074340820312,243.22249592064287,
111829,236.57717895507812,243.17598649184586,
111831,236.42446899414062,243.12086676151358,
111832,236.35801696777344,243.06472794157867,
111833,236.32772827148438,243.01055002392027,
111835,236.25588989257812,242.9548473814345,
111836,236.25730895996094,242.9036144947952,
111838,236.24295043945312,242.85523646654636,
111839,236.27049255371094,242.81285047767005,
111840,236.2545928955078,242.772503920536,
111842,236.32852172851562,242.74124155657705,
111843,236.34378051757812,242.7136476643625,
111844,236.33065795898438,242.6871591853199,
111846,236.3577117919922,242.66491182274564,
111847,236.36854553222656,242.64527306989152,
111849,236.37062072753906,242.62733649817463,
111850,236.3736572265625,242.6110460935877,
111851,236.41616821289062,242.59943897974298,
111853,236.4099884033203,242.58824392147338,
111854,236.46115112304688,242.58202756688252,
111856,236.41445922851562,242.5725526412793,
111857,236.38604736328125,242.5615400232664,
111858,236.3549346923828,242.54889335577604,
111860,236.3195037841797,242.53439409884558,
111861,236.2737579345703,242.51735986666841,
111863,236.3301544189453,242.50618070949437,
111864,236.31869506835938,242.49495672249435,
111865,236.3335723876953,242.48580361228846,
111867,236.27882385253906,242.47297544278115,
111868,236.32302856445312,242.4646956540248,
111869,236.36048889160156,242.46006766298655,
111870,236.46102905273438,242.4638649017703,
111871,236.5022430419922,242.47067055841964,
111873,236.548828125,242.48068013637624,
111874,236.56585693359375,242.49127267578586,
111875,236.65139770507812,242.50789724848667,
111876,236.64662170410156,242.52283874432396,
111878,236.61827087402344,242.53433807861452,
111879,236.60598754882812,242.54395304228288,
111881,236.56143188476562,242.54924275153456,
111882,236.56663513183594,242.5545361059378,
111883,236.56405639648438,242.55920870545154,
111885,236.57154846191406,242.56411677133076,
111886,236.557861328125,242.56754331832835,
111888,236.67044067382812,242.57973077287608,
111889,236.68421936035156,242.59207021913738,
111890,236.7833251953125,242.6113930086649,
111892,236.85511779785156,242.634962522775,
111893,236.93368530273438,242.6629900147733,
111895,236.98081970214844,242.69260593573034,
111896,237.15603637695312,242.7339582689879,
111897,237.3269500732422,242.78578412822708,
111899,237.46780395507812,242.844853686597,
111900,237.55072021484375,242.9059538895356,
111902,237.64474487304688,242.96981683419227,
111903,237.78916931152344,243.0402685365426,
111904,237.8512420654297,243.11018915063246,
111906,238.2418670654297,243.20597009770046,
111907,238.3138427734375,243.30003342648996,
111909,238.6619415283203,243.41465852310975,
111910,238.6815643310547,243.52189368595316,
111911,238.794921875,243.62983433408664,
111913,238.95802307128906,243.74241473947845,
111914,239.03016662597656,243.85197727025457,
111915,239.11245727539062,243.959571721207,
111917,239.07736206054688,244.0559376498645,
111919,239.0059051513672,244.13903691878474,
111920,239.04872131347656,244.2190716810766,
111921,239.0654296875,244.2941877365539,
111923,238.9848175048828,244.356964619447,
111924,239.0053253173828,244.41647707666036,
111925,238.94009399414062,244.4661041075956,
111927,239.03050231933594,244.5191010523924,
111928,238.9398193359375,244.56068086083752,
111930,239.13345336914062,244.6145385777251,
111931,239.1183624267578,244.66297432757298,
111933,239.37828063964844,244.72846784245658,
111934,239.34353637695312,244.78605327460812,
111935,239.4335174560547,244.84635200850937,
111937,239.38607788085938,244.89813072748888,
111938,239.45184326171875,244.95113473418908,
111939,239.469970703125,245.00144764836614,
111941,239.43411254882812,245.0449502686799,
111942,239.41748046875,245.08371709126288,
111944,239.28099060058594,245.1085058608931,
111945,239.3106231689453,245.1337326807207,
111947,239.29330444335938,245.15559780144577,
111948,239.32655334472656,245.1784196316198,
111950,239.33985900878906,245.200523908932,
111951,239.2040557861328,245.2100082133014,
111953,239.3218994140625,245.22820190402902,
111954,239.2299346923828,245.23759727746304,
111956,239.3373260498047,245.2548707195598,
111957,239.26425170898438,245.26493281635078,
111958,239.37283325195312,245.28291629691878,
111960,239.3679656982422,245.29910309149878,
111961,239.43287658691406,245.31922993201408,
111963,239.42898559570312,245.337470796106,
111964,239.54226684570312,245.3633703808759,
111966,239.5601043701172,245.3886751875748,
111967,239.69522094726562,245.42283750787715,
111968,239.78976440429688,245.46191071998578,
111970,239.91896057128906,245.5082899395003,
111971,240.04017639160156,245.56076381283782,
111973,240.14752197265625,245.61774334488092,
111974,240.29273986816406,245.681913552738,
111975,240.29440307617188,245.74119903962287,
111977,240.54672241210938,245.81608441217554,
111978,240.5560302734375,245.8858602390731,
111979,240.69956970214844,245.9616914584899,
111981,240.73854064941406,246.034718146519,
111982,240.82211303710938,246.1087366530374,
111984,240.77639770507812,246.17330054271716,
111985,240.8192901611328,246.23625551119952,
111987,240.7197723388672,246.28630607180088,
111988,240.7755126953125,246.33691305515015,
111989,240.84022521972656,246.38875251685948,
111991,240.95103454589844,246.44542504062215,
111992,240.9130401611328,246.49461862336838,
111993,241.02430725097656,246.5488888885493,
111994,241.16781616210938,246.61042463366593,
111995,241.18751525878906,246.66872815106814,
111997,241.5062713623047,246.74803657291145,
111998,241.57150268554688,246.82637462829064,
111999,241.6277618408203,246.9030986319921,
112000,241.8253173828125,246.98966677307186,
112002,242.02244567871094,247.08527497485028,
112003,242.18531799316406,247.18646897486875,
112005,242.3689422607422,247.29447627034554,
112006,242.66934204101562,247.418129457694,
112007,242.6511993408203,247.53065792123613,
112008,242.7799835205078,247.6447151501402,
112009,242.88143920898438,247.75798984995978,
112011,242.96258544921875,247.86891439672027,
112012,243.11642456054688,247.9835025406526,
112014,243.2248077392578,248.09782222266205,
112015,243.3748779296875,248.2152377348108,
112016,243.34913635253906,248.32140687942223,
112018,243.58544921875,248.43822588879516,
112019,243.55262756347656,248.5432773548822,
112021,243.69703674316406,248.65169541253218,
112022,243.6403350830078,248.7470877049294,
112023,243.7501983642578,248.84383135521742,
112025,243.86947631835938,248.94257574397184,
112026,243.98110961914062,249.04255131224832,
112028,244.0975799560547,249.1440497121061,
112029,244.2197265625,249.2474070949319,
112031,244.27313232421875,249.34696507251056,
112032,244.3739013671875,249.44681929348866,
112033,244.41357421875,249.5420466770816,
112035,244.47682189941406,249.63489974326683,
112036,244.43544006347656,249.71717287643418,
112038,244.341064453125,249.78544332663768,
112039,244.2880859375,249.84412615068211,
112040,244.15878295898438,249.8878498790093,
112042,244.13104248046875,249.9259296254044,
112043,244.00201416015625,249.9506834643423,
112045,244.13954162597656,249.98453125583404,
112046,244.08380126953125,250.01126177344423,
112047,244.18911743164062,250.04434832077848,
112048,244.0960693359375,250.0673850428358,
112049,244.09886169433594,250.08884424037177,
112051,244.0157928466797,250.10196320707843,
112052,243.9914093017578,250.11210071028586,
112053,243.98313903808594,250.120782185596,
112055,243.85279846191406,250.1183314553279,
112056,243.85157775878906,250.11597447177616,
112058,243.7361297607422,250.10454287489478,
112059,243.80812072753906,250.09977890442664,
112060,243.7568359375,250.091274436288,
112062,243.92771911621094,250.0971398484904,
112063,243.92703247070312,250.10249151648884,
112065,244.11090087890625,250.1221709303877,
112066,244.08697509765625,250.13839256646344,
112067,244.18643188476562,250.16132210492418,
112069,244.2298583984375,250.18594135987382,
112070,244.3024139404297,250.21445434355417,
112072,244.21482849121094,250.23371325888337,
112073,244.2226104736328,250.25209024202405,
112075,244.08395385742188,250.257909884463,
112076,244.1005859375,250.2646083236855,
112077,244.0821990966797,250.269308320327,
112079,243.899169921875,250.25896183741185,
112080,243.70359802246094,250.23373958312763,
112082,243.462646484375,250.19116539577394,
112083,243.32626342773438,250.14098258872872,
112085,243.10943603515625,250.07733452030965,
112086,243.01925659179688,250.01143133948355,
112088,242.92625427246094,249.9432230013873,
112089,242.81861877441406,249.87171618838684,
112091,242.76284790039062,249.80132838406632,
112092,242.6973876953125,249.7311949975964,
112094,242.73793029785156,249.66979755867206,
112095,242.67800903320312,249.6083957140468,
112096,242.70162963867188,249.55368986622983,
112098,242.6338348388672,249.4978248727678,
112099,242.6672821044922,249.44901099249765,
112101,242.57473754882812,249.39659228430034,
112102,242.59864807128906,249.35019034298543,
112103,242.60435485839844,249.30787471780752,
112104,242.4246368408203,249.25445478950877,
112105,242.3896026611328,249.20240255839204,
112107,242.36569213867188,249.1525031878473,
112108,242.3361358642578,249.1041355348711,
112109,242.29708862304688,249.05641864361255,
112111,242.2244415283203,249.00660691625333,
112112,242.1554718017578,248.95515909390332,
112114,242.09869384765625,248.90318089934212,
112115,242.03936767578125,248.85050944061123,
112116,242.01792907714844,248.80023751434277,
112118,241.9280548095703,248.74668893644872,
112119,241.91700744628906,248.69644185881083,
112120,241.8506622314453,248.64480321641375,
112121,241.71913146972656,248.58665394876226,
112122,241.63308715820312,248.52615120005694,
112123,241.56793212890625,248.4651543329508,
112124,241.49949645996094,248.4034388802029,
112126,241.3597869873047,248.33534487615287,
112127,241.20542907714844,248.26019631882502,
112129,240.8662567138672,248.16372275514505,
112130,240.72042846679688,248.0630979987298,
112131,240.5791473388672,247.95901135180628,
112133,240.2230682373047,247.83450673672687,
112134,240.13604736328125,247.71275930845,
112135,240.080078125,247.5960437961542,
112137,239.93594360351562,247.4768958482969,
112138,239.87811279296875,247.36242723895617,
112140,239.77847290039062,247.24891895548114,
112141,239.7054443359375,247.13843012890473,
112142,239.65646362304688,247.03265327539276,
112143,239.6678924560547,246.93606476423264,
112144,239.62115478515625,246.84328111343916,
112146,239.7381134033203,246.76713322531452,
112147,239.73817443847656,246.69694499706077,
112148,239.8253173828125,246.63923435239218,
112150,239.91439819335938,246.59318096114254,
112151,240.03208923339844,246.56016776649975,
112153,240.1936798095703,246.542695767887,
112154,240.3687286376953,246.54062899558141,
112155,240.5605010986328,246.5541039962373,
112157,240.74575805664062,246.58138285987414,
112158,240.84471130371094,246.61446456678962,
112160,240.99822998046875,246.65727148210027,
112161,241.03041076660156,246.6993117956815,
112162,241.01177978515625,246.73657035202874,
112164,241.04640197753906,246.77369198909872,
112165,241.01034545898438,246.80501898136174,
112167,241.08900451660156,246.84020465925073,
112168,241.01251220703125,246.86650413390123,
112169,241.01832580566406,246.89121324024444,
112171,240.9352264404297,246.9073255253798,
112172,240.97576904296875,246.9254293465412,
112174,240.90501403808594,246.93644289749616,
112175,240.9742431640625,246.95214736466977,
112176,240.94021606445312,246.96389476912174,
112178,240.93450927734375,246.97426584221938,
112179,240.93202209472656,246.98362642535488,
112181,240.95236206054688,246.993886276148,
112182,240.93502807617188,247.0019536210622,
112183,240.88961791992188,247.00574820507285,
112184,241.1216278076172,247.02785324560705,
112185,241.13377380371094,247.0492037808582,
112187,241.42941284179688,247.09259495510722,
112188,241.44644165039062,247.13395864997918,
112190,241.66531372070312,247.1896412439512,
112191,241.7413330078125,247.24706620590078,
112192,241.77906799316406,247.3030268816511,
112193,241.90269470214844,247.36452629461832,
112195,241.9178466796875,247.4224316420901,
112197,241.91644287109375,247.47569620594035,
112198,241.9207763671875,247.52514302728426,
112199,241.98094177246094,247.575548372702,
112201,242.09030151367188,247.6307826713532,
112202,242.1977081298828,247.69031165846997,
112204,242.26771545410156,247.75080006619658,
112205,242.45188903808594,247.82132900187452,
112206,242.54110717773438,247.89349786958223,
112208,242.84762573242188,247.98460591992114,
112209,242.91693115234375,248.0741476154013,
112211,243.3242645263672,248.18935528689158,
112212,243.48716735839844,248.3086185256002,
112213,243.67588806152344,248.43369077943242,
112215,243.98297119140625,248.5736104500316,
112216,244.10536193847656,248.71240414030495,
112218,244.21258544921875,248.84894348956044,
112219,244.3228302001953,248.9836470907325,
112221,244.2738037109375,249.10388494585442,
112222,244.31414794921875,249.21795580861595,
112223,244.26889038085938,249.31947667292712,
112224,244.14450073242188,249.40308255584446,
112225,244.1082763671875,249.47724526462585,
112226,243.9115447998047,249.52983057787645,
112228,243.71661376953125,249.56267025100294,
112229,243.5741729736328,249.58151810985987,
112231,243.47581481933594,249.59100374217957,
112232,243.42967224121094,249.59604696328626,
112234,243.42904663085938,249.6006456305522,
112235,243.38363647460938,249.6012427875067,
112236,243.44496154785156,249.60671151766138,
112238,243.3939971923828,249.60766525180938,
112239,243.4951629638672,249.61665789882005,
112240,243.5951385498047,249.63296536282667,
112242,243.86196899414062,249.6693973847837,
112243,243.96255493164062,249.7110474148112,
112244,244.04637145996094,249.75616249806183,
112245,243.88648986816406,249.78492707814016,
112247,243.8437957763672,249.80801820189424,
112248,243.69650268554688,249.81749069388698,
112250,243.7343292236328,249.8292561253604,
112251,243.62261962890625,249.8311423905955,
112252,243.63279724121094,249.83369739439604,
112254,243.56625366210938,249.83071580185543,
112255,243.6309356689453,249.83315486679976,
112257,243.5082244873047,249.82556176009786,
112258,243.5670928955078,249.82328368067795,
112259,243.49745178222656,249.81559852978353,
112261,243.35447692871094,249.7970477744371,
112262,243.2876434326172,249.774587641772,
112263,243.19461059570312,249.74642265796084,
112264,243.0662841796875,249.71016839731922,
112265,242.8359832763672,249.6582790874135,
112267,242.5330810546875,249.5861547633637,
112268,242.26564025878906,249.49822180962354,
112270,242.01925659179688,249.39740524277312,
112271,241.8363037109375,249.28979971040545,
112273,241.49021911621094,249.16285294617185,
112274,241.3363037109375,249.0334894033984,
112275,241.26544189453125,248.90855897199404,
112277,241.05416870117188,248.7764539902181,
112278,240.99322509765625,248.64979194101508,
112280,240.8757781982422,248.52361562272674,
112281,240.8487091064453,248.40513535136643,
112283,240.76817321777344,248.28946125895501,
112284,240.778076171875,248.1836270974891,
112285,240.77537536621094,248.08585256283558,
112287,240.7688446044922,247.99520022970214,
112289,240.70651245117188,247.90663787032344,
112290,240.64285278320312,247.81989558207704,
112291,240.46133422851562,247.72537875268557,
112293,240.34251403808594,247.62872376008008,
112294,240.23829650878906,247.5312689420467,
112296,239.9463653564453,247.41802221236557,
112297,239.682861328125,247.2924983538742,
112298,239.54017639160156,247.1653471292077,
112300,239.21046447753906,247.02169623480228,
112301,239.15708923339844,246.8849981457593,
112303,239.0554656982422,246.75083963976,
112304,239.03477478027344,246.6255129173087,
112305,239.0814208984375,246.51372776322984,
112306,239.16928100585938,246.4177305888152,
112307,239.24476623535156,246.33529430884505,
112309,239.12417602539062,246.24963321112972,
112310,239.00466918945312,246.1610863630135,
112311,238.9847412109375,246.07786565454307,
112313,238.9127197265625,245.99537668242814,
112314,238.91696166992188,245.91967855179,
112316,238.86585998535156,245.84580165986523,
112317,238.78965759277344,245.7715905090042,
112318,238.6865234375,245.6949113108876,
112320,238.3125457763672,245.59423541764082,
112321,238.19114685058594,245.4916961853983,
112323,237.89590454101562,245.3734970878896,
112324,237.82017517089844,245.2584676643227,
112325,237.74993896484375,245.14680059795313,
112327,237.82151794433594,245.04960653032896,
112328,237.85775756835938,244.96291945663967,
112330,237.8522491455078,244.8825695366002,
112331,237.7803955078125,244.80274031856462,
112333,237.65802001953125,244.7193392312193,
112334,237.504150390625,244.63011976466606,
112335,237.17245483398438,244.52127527675475,
112337,236.16665649414062,244.34027740094263,
112338,235.67852783203125,244.13428564031784,
112339,235.20550537109375,243.9064660340067,
112341,234.20664978027344,243.61635370252534,
112342,233.5673828125,243.29765894455036,
112344,232.36865234375,242.9077479330553,
112345,230.80380249023438,242.42282700440717,
112346,230.09938049316406,241.9193322482143,
112347,229.29437255859375,241.39064914560316,
112348,228.50244140625,240.83979618319825,
112350,227.05003356933594,240.21553681393289,
112351,226.3372344970703,239.5829280417484,
112353,225.20928955078125,238.90932809085632,
112354,224.92828369140625,238.26586698620213,
112355,224.72146606445312,237.65613776625025,
112357,224.7567596435547,237.09691991634256,
112358,224.8711700439453,236.59060861640899,
112360,225.44383239746094,236.1698183808822,
112361,225.94432067871094,235.82207310192985,
112362,226.5772247314453,235.55228040882085,
112364,228.21458435058594,235.43490174576806,
112365,229.10678100585938,235.39825626591895,
112366,231.3049774169922,235.54077181476686,
112367,231.82223510742188,235.71362671446732,
112369,233.49282836914062,236.00694594060104,
112370,234.3289794921875,236.3443869233195,
112372,235.9294891357422,236.78380089460245,
112373,236.5977020263672,237.2424433671592,
112374,237.29483032226562,237.72112968769306,
112376,238.45452880859375,238.2553905565647,
112377,239.00894165039062,238.79233613540268,
112379,239.80352783203125,239.3510183817431,
112380,240.14932250976562,239.893744409574,
112381,240.4651641845703,240.41935976434786,
112383,240.8402862548828,240.93395678841745,
112384,241.23291015625,241.43980076209445,
112385,241.4624786376953,241.92449912924184,
112386,241.5622100830078,242.37929254599234,
112388,241.8695068359375,242.82316631713792,
112389,241.9470672607422,243.23854950544924,
112390,242.09030151367188,243.6329371155196,
112392,242.3356170654297,244.01615792173345,
112393,242.49720764160156,244.38237042511034,
112395,242.8228759765625,244.74606371118705,
112396,242.99362182617188,245.0950099994312,
112397,243.1533966064453,245.42948262531257,
112399,243.376220703125,245.75566998440377,
112400,243.46481323242188,246.06345461286364,
112401,243.48753356933594,246.34899265439844,
112402,243.50650024414062,246.6137227484046,
112404,243.6145782470703,246.8664188048944,
112405,243.63999938964844,247.10139280540147,
112406,243.76278686523438,247.32783939461086,
112408,243.89248657226562,247.546979777048,
112409,244.03341674804688,247.7602859816762,
112411,244.35520935058594,247.9827194078261,
112412,244.4896697998047,248.19854226807843,
112413,244.70465087890625,248.41472926320296,
112415,245.02781677246094,248.63992833997187,
112416,245.2514190673828,248.8654497529902,
112418,245.606689453125,249.101828076447,
112419,245.73574829101562,249.3300721338083,
112420,245.73753356933594,249.54061068520525,
112422,245.63848876953125,249.7267417289386,
112423,245.63743591308594,249.89823288596511,
112424,245.81317138671875,250.07040741949749,
112425,245.88746643066406,250.23507636703204,
112427,245.88697814941406,250.38682904271315,
112428,245.94068908691406,250.5310222763435,
112429,245.97476196289062,250.66667224375726,
112431,246.04673767089844,250.7974868355015,
112432,246.10531616210938,250.92276972116645,
112434,246.21438598632812,251.04700288507473,
112435,246.23800659179688,251.163415388124,
112436,246.18849182128906,251.2667533488401,
112438,246.13623046875,251.35781892055456,
112439,246.0713653564453,251.4365609825541,
112440,245.9346466064453,251.4981805715553,
112441,245.86306762695312,251.54924087454134,
112443,245.65269470214844,251.5794363532645,
112444,245.50921630859375,251.59576357838844,
112445,245.3485870361328,251.59793154685633,
112447,245.05169677734375,251.57611938143515,
112448,244.93829345703125,251.54691798106083,
112450,244.6681671142578,251.49833599750534,
112451,244.52886962890625,251.4423814667387,
112453,244.27276611328125,251.3702630783249,
112454,244.1450653076172,251.29354274327082,
112455,244.07504272460938,251.2172061272607,
112457,243.86766052246094,251.1302069820103,
112458,243.76580810546875,251.0418426060757,
112460,243.6175079345703,250.94849465063314,
112461,243.51449584960938,250.8541849360923,
112462,243.43922424316406,250.76121345839164,
112464,243.38665771484375,250.67129651467587,
112465,243.42474365234375,250.5914655681462,
112467,243.55897521972656,250.52864277333921,
112468,243.60189819335938,250.4741751435715,
112469,243.65817260742188,250.42848009045946,
112471,243.7810821533203,250.39621573608184,
112472,243.90081787109375,250.37607725878198,
112474,244.0623779296875,250.37047072710618,
112475,244.10659790039062,250.3688490678578,
112476,244.16590881347656,250.37211095759216,
112478,244.24179077148438,250.3812035005815,
112479,244.32113647460938,250.3959485320997,
112480,244.40354919433594,250.41615000227526,
112481,244.57180786132812,250.44826606257584,
112482,244.6540985107422,250.48447035704396,
112484,244.88107299804688,250.5360468295665,
112485,244.9443817138672,250.58866738094656,
112486,245.06915283203125,250.64717964888547,
112487,245.36375427246094,250.72474329299402,
112489,245.4441375732422,250.8026882008559,
112490,245.48806762695312,250.8780610072306,
112492,245.54908752441406,250.9524334559232,
112493,245.56890869140625,251.0225796367208,
112494,245.7135467529297,251.09884035871417,
112496,246.0169219970703,251.19346818682777,
112497,246.0987548828125,251.28725911621942,
112499,246.19419860839844,251.38137018172463,
112500,246.28746032714844,251.47560135175107,
112501,246.33877563476562,251.56657913195235,
112503,246.54539489746094,251.66701331461005,
112504,246.5880584716797,251.76301516283624,
112506,246.6983184814453,251.86035251931438,
112507,246.76400756835938,251.9553463592864,
112508,246.7989044189453,252.04571040838965,
112510,246.89703369140625,252.13687795650435,
112511,246.9967498779297,252.22891344051567,
112513,247.1463623046875,252.3257506663033,
112514,247.24765014648438,252.42313850594644,
112515,247.3018035888672,252.5172537226086,
112517,247.4003143310547,252.61190969085118,
112518,247.43115234375,252.70163677099538,
112519,247.47288513183594,252.7876941630768,
112520,247.6192626953125,252.87876134768825,
112521,247.7578582763672,252.97382244406367,
112523,248.0044403076172,253.0812256416088,
112524,248.08291625976562,253.1865236804682,
112526,248.3256072998047,253.30305123409994,
112527,248.40704345703125,253.41699751284722,
112528,248.496826171875,253.52923376632694,
112530,248.63961791992188,253.6441450429779,
112531,248.75547790527344,253.75936222861995,
112533,248.8563995361328,253.87366334513973,
112534,248.91256713867188,253.9835307560713,
112535,249.00741577148438,254.09241339581956,
112537,249.1404571533203,254.20345133196278,
112538,249.2084503173828,254.31125915325742,
112540,249.26332092285156,254.4150370254854,
112541,249.2814178466797,254.51215084139614,
112543,249.34632873535156,254.60687621017416,
112544,249.3707275390625,254.69615083917137,
112545,249.44830322265625,254.7846657620052,
112547,249.4471435546875,254.86616581250235,
112548,249.37890625,254.93581992721468,
112550,249.33937072753906,254.99685634125512,
112551,249.28216552734375,255.04853185066196,
112552,249.28179931640625,255.096136965116,
112554,249.2936248779297,255.14096776965388,
112555,249.30177307128906,255.18294629038434,
112557,249.37599182128906,255.22759443454368,
112558,249.369384765625,255.2682212079655,
112559,249.41580200195312,255.30939363005925,
112560,249.41403198242188,255.34720441317884,
112561,249.42320251464844,255.38279386974307,
112563,249.46578979492188,255.4190157306819,
112564,249.50428771972656,255.45549257566466,
112565,249.5177764892578,255.4901987306862,
112567,249.56884765625,255.5262867719778,
112568,249.5496368408203,255.5580120210429,
112570,249.52685546875,255.58542928959113,
112571,249.47935485839844,255.60689297878866,
112572,249.4668731689453,255.6256771759968,
112574,249.42396545410156,255.6395512502528,
112575,249.4135284423828,255.65150332356214,
112577,249.38458251953125,255.660199281726,
112578,249.37359619140625,255.6673341124458,
112579,249.35324096679688,255.67227851038965,
112581,249.28834533691406,255.6716316268977,
112582,249.23178100585938,255.66649887034424,
112584,249.0212860107422,255.64488579674483,
112585,248.9484100341797,255.6191182121806,
112586,248.82583618164062,255.5855352297557,
112588,248.43887329101562,255.52354401272825,
112589,248.22520446777344,255.44926426924835,
112591,247.81349182128906,255.3477738474605,
112592,247.50311279296875,255.22932757858518,
112593,247.20387268066406,255.09614475092908,
112595,246.57240295410156,254.92273294832538,
112596,246.23245239257812,254.7356179136511,
112598,245.530029296875,254.50680094241298,
112599,245.16273498535156,254.26642045454147,
112600,244.68798828125,254.00676303515257,
112601,244.1073760986328,253.72084572891401,
112602,242.9462432861328,253.3641643044608,
112604,241.08233642578125,252.88589003719963,
112605,240.18093872070312,252.37272472169101,
112606,239.29795837402344,251.82887391005144,
112608,238.6487274169922,251.27548390912818,
112609,238.4801025390625,250.75184529106718,
112610,239.8230438232422,250.37685910392977,
112611,241.5481414794922,250.16954966865774,
112613,244.6345977783203,250.22598562639,
112614,246.7322235107422,250.44623787596785,
112616,249.641845703125,250.8826180994578,
112617,250.4130401611328,251.34672318500304,
112618,250.8353271484375,251.8084026692405,
112620,250.78038024902344,252.2295720764776,
112621,250.4566650390625,252.59184407622988,
112623,246.22830200195312,252.58667169002533,
112624,244.18948364257812,252.41839055200012,
112625,242.14646911621094,252.09941923395382,
112627,239.30593872070312,251.57758093525905,
112628,237.27984619140625,250.93405777067258,
112630,229.91725158691406,249.7503780302765,
112631,226.1605987548828,248.35797848845047,
112632,222.48178100585938,246.77942340732358,
112634,223.62586975097656,245.4160672508992,
112635,213.8826904296875,243.37792256433983,
