5212,94.18841111,94.18841111,19.18513565,19.18513565
5213,92.35105607,94.22943206,17.55923132,19.0931084
5214,93.63255665,94.37002151,15.63043712,18.85358838
5215,92.57098133,94.41447853,15.67276381,18.63619342
5216,89.9189828,94.24276873,14.77806537,18.36404394
5218,90.83646845,94.15806899,16.55267829,18.2555005
5219,91.12977726,94.10351613,17.6963542,18.24716797
5221,90.77649939,94.02489642,19.76258887,18.40519906
5222,94.07955838,94.2173301,22.93438187,18.80524992
5223,92.9263629,94.30222919,21.7703947,19.08066503
5224,90.9957348,94.2256528,20.76394242,19.25382521
5225,88.89332061,93.98645106,20.24058088,19.37147066
5227,84.76497669,93.43486172,17.4276204,19.25431681
5228,82.97469532,92.7828261,15.21785955,18.96910158
5230,80.63188579,91.99388634,12.89243029,18.51969074
5231,79.54423964,91.17941245,11.5570805,17.99832878
5232,79.32995612,90.41144487,11.54515499,17.5167809
5234,80.45587865,89.79383135,12.7623408,17.17050837
5235,80.68960089,89.24325973,13.48653807,16.90939497
5237,80.77883731,88.74289957,13.43567024,16.66462103
5238,78.74969056,88.11893001,11.42938072,16.278084
5239,79.10740123,87.57244326,10.91718825,15.88069633
5241,79.85176208,87.12838952,10.63315995,15.4916053
5242,79.93706431,86.72590202,10.14447785,15.09374889
5244,80.37852676,86.39029432,8.68470335,14.60993094
5245,81.28713999,86.15380193,8.776659895,14.17132246
5246,80.1658415,85.84587511,6.390536296,13.57564606
5247,80.5600322,85.59364226,6.475675031,13.03337967
5248,80.61230364,85.36532619,6.603139168,12.54374114
5250,79.66078316,85.07855249,5.429814694,11.99829172
5251,79.50874998,84.80201143,4.815688054,11.44624349
5253,79.31589959,84.53162929,4.101707035,10.88010416
5254,78.94075828,84.25230469,3.879999095,10.34045594
5255,78.70714532,83.97608752,3.916422359,9.845929358
5257,78.89840427,83.7368095,4.194300068,9.412360548
5258,79.1156521,83.53366629,4.309840829,9.021963187
5259,79.34163574,83.36453277,4.453261568,8.673597244
5261,79.28257509,83.20388883,4.501567227,8.356347631
5262,79.64031308,83.08449784,4.483091992,8.062425224
5264,79.83633951,82.99016453,4.069054462,7.758281739
5265,79.83302004,82.90294187,3.972991267,7.470218007
5266,79.69800769,82.81171204,3.984482633,7.205602466
5268,79.55147964,82.71586482,4.168513116,6.976439105
5269,79.55648617,82.62791438,4.38920848,6.782896087
5270,79.62280048,82.55216008,4.721060905,6.631102698
5271,79.66593312,82.485789,4.965271758,6.510765262
5272,79.70164135,82.42747193,5.036683947,6.405565471
5273,79.71965939,82.37516031,4.998190281,6.305505111
5274,79.85548453,82.33783263,4.997958909,6.213250916
5275,79.76503234,82.29616971,4.807549456,6.112940161
5276,79.50771862,82.23712828,4.527095059,5.997981264
5277,79.34518061,82.16966833,4.299240802,5.873738242
5278,78.97775741,82.07801641,3.95829953,5.731867533
5279,78.49273202,81.95463263,3.655305935,5.576791028
5280,78.12269286,81.81122033,3.406269981,5.413868822
5281,77.91489118,81.66235717,3.243454066,5.250629296
5282,78.13551995,81.54282954,3.040308872,5.083862857
5283,78.52699908,81.4640456,3.127849485,4.93715831
5284,78.81505547,81.41452468,3.095319429,4.799317149
5285,78.53968957,81.34679195,2.931644191,4.659128412
5286,78.21627328,81.25841794,2.770469655,4.516976236
5287,77.88992684,81.15078179,2.683462223,4.378962365
5288,77.82694567,81.0465117,2.682116463,4.251633248
5289,77.91795111,80.95769416,2.723703564,4.137596554
5290,77.84204039,80.86973412,2.756713228,4.035124904
5291,77.98816545,80.80037178,2.88032343,3.950580076
5292,78.00552779,80.73782603,2.907149638,3.874798115
5293,77.87580884,80.66976791,2.883560726,3.803050473
5294,77.83342752,80.60363294,2.841070973,3.733505818
5295,77.65870445,80.52865694,2.636496989,3.652992721
5296,77.74934106,80.46681312,2.561342923,3.572748393
5297,77.66869701,80.40333784,2.393445988,3.485313837
5298,77.72936959,80.34969226,2.378184571,3.403492697
5299,77.74052328,80.30113629,2.431628453,3.33235617
5300,77.6934906,80.25260538,2.374645252,3.262212467
5301,77.76559008,80.21365196,2.250100594,3.18756552
5302,77.61854977,80.16595207,2.119468958,3.108279307
5303,77.66644305,80.12582335,2.207546381,3.042257085
5304,77.79437933,80.09909319,2.325942375,2.990893159
5305,78.36238469,80.12000735,2.56348931,2.962597157
5306,78.9407856,80.18567378,2.608328008,2.940109965
5307,79.28069679,80.27346598,2.438799298,2.90578507
5308,79.59698919,80.37975947,2.14275542,2.850401662
5309,80.15174399,80.52223215,1.959644239,2.78466372
5310,80.53428922,80.68424359,1.597529273,2.695024865
5311,80.87446679,80.86086798,1.136328754,2.575407486
5312,81.78504712,81.09670888,0.952894205,2.450432736
5313,82.85632814,81.40002376,0.882579062,2.329591737
5314,84.15668688,81.78390819,0.936189484,2.22250006
5315,85.36836244,82.23494924,0.942533342,2.124291729
5316,86.60986543,82.75028742,1.187144934,2.05338114
5317,88.27399321,83.3587892,1.550120077,2.017126365
5318,90.06915134,84.06367782,1.977984791,2.018021463
5319,91.68313187,84.84288539,2.417173638,2.054069511
5320,92.90011449,85.65876093,2.584333127,2.100704792
5321,94.05872631,86.50375568,2.720312802,2.154598764
5322,94.90032855,87.35016833,2.473033487,2.184446426
5323,95.56811615,88.18394809,2.056711472,2.178570975
5324,96.19067423,89.00245542,1.587733608,2.135542961
5325,97.43729987,89.85693485,2.185487859,2.143819627
5326,98.61216071,90.73881784,2.480265376,2.175090216
5327,99.99415386,91.66257342,2.790655639,2.228808743
5328,100.999708,92.59473676,2.6644664,2.268206105
5329,102.0633392,93.53930815,2.336592347,2.278227093
5330,103.1345587,94.49592586,1.8523552,2.248628622
5331,103.7216818,95.42482334,0.990703144,2.152240256
5332,104.7396873,96.36272508,-0.77628451,1.92167705
5333,104.8345723,97.23489268,-2.189842318,1.595776551
5334,104.9016243,98.04423434,-3.483827632,1.191583848
5335,104.6851483,98.7729241,-4.914961011,0.704222118
5336,104.5932822,99.43726267,-6.29348315,0.1444146
5337,104.6100367,100.0509937,-7.534716353,-0.471162873
5338,104.7633403,100.6290259,-8.554496893,-1.120388587
5339,105.3070985,101.2054653,-9.231562446,-1.773145508
5340,105.8027926,101.7765819,-9.896027154,-2.428146907
5341,106.0547037,102.3232404,-10.65448551,-3.092755557
5342,107.364693,102.9322114,-11.28375255,-3.755859027
5343,108.4899939,103.58381,-11.4561414,-4.380933391
5344,109.3199166,104.2510134,-11.42037938,-4.954258826
5345,110.4003296,104.9526905,-11.00996441,-5.449834932
5346,111.29003,105.6708506,-10.60045701,-5.873814492
5347,112.5146351,106.4310638,-10.36046636,-6.245391601
5348,113.9301713,107.2453543,-10.09474041,-6.566600158
5349,115.2669418,108.1031764,-9.923470001,-6.84895432
5350,116.4852153,108.9916222,-9.938872077,-7.110463633
5351,117.6861538,109.9069069,-10.04272169,-7.359851656
5352,118.8358932,110.8428254,-10.18347225,-7.601025731
5353,120.1125375,111.807942,-10.3349334,-7.835487178
5354,120.8127412,112.7537428,-10.72353019,-8.082779201
5355,121.4260512,113.6747694,-11.07697796,-8.3390795
5356,122.249854,114.5898407,-11.14081974,-8.580457227
5357,123.2827835,115.5161944,-10.89010655,-8.782852016
5358,125.2979625,116.5317246,-10.51707406,-8.939502328
5359,126.0459229,117.5278267,-10.70719835,-9.099150554
5360,126.2634507,118.4634794,-11.19470822,-9.28541258
5361,126.2554731,119.3253243,-11.63511114,-9.49242923
5362,126.3352633,120.1261721,-12.07621585,-9.718633775
5363,126.4360086,120.8724733,-12.45411314,-9.957456488
5364,126.4811698,121.5640357,-12.81716758,-10.20672023
5365,126.4207773,122.1966744,-13.35941715,-10.47997996
5366,126.0870269,122.7530741,-14.14236088,-10.79466287
5367,125.7643415,123.2400839,-15.06655378,-11.15885785
5368,125.3622209,123.6567594,-16.05814357,-11.57409828
5369,125.3900471,124.0430826,-16.73132872,-12.01085636
5370,125.6345269,124.4188026,-17.0556022,-12.43946669
5371,126.0055974,124.7949012,-16.99834643,-12.82996778
5372,126.7433808,125.200759,-16.61744215,-13.15938316
5373,127.3187969,125.6210272,-16.3655977,-13.44284033
5374,127.735657,126.0418626,-16.15214405,-13.68701217
5375,128.10502,126.4594115,-16.04474445,-13.90347632
5376,128.5502117,126.8800125,-15.91861134,-14.0928971
5377,129.0893049,127.3109578,-15.72865012,-14.25227029
5378,129.6555822,127.7536186,-15.49042849,-14.38007512
5379,129.8176763,128.1746632,-15.31565249,-14.48386857
5380,129.7829789,128.5599995,-15.25869042,-14.57497702
5381,129.6739008,128.9064544,-15.14236717,-14.64963167
5382,129.4883519,129.2109355,-14.95307873,-14.70326738
5383,129.2342825,129.4712298,-14.5540642,-14.72070782
5384,128.6426788,129.6637224,-14.15062541,-14.70442863
5385,127.5168314,129.7508692,-13.9962435,-14.67704104
5386,126.1796716,129.7239609,-13.42100497,-14.60566103
5387,124.9021804,129.596702,-12.5553024,-14.47043359
5388,123.4320095,129.3614871,-11.74641761,-14.28090837
5389,122.2248145,129.0478489,-10.98626536,-14.04523982
5390,121.0635731,128.6656057,-10.35270214,-13.77718878
5391,119.6253538,128.1979087,-9.861820713,-13.49073064
5392,118.6551937,127.6889788,-8.879056383,-13.14785582
5393,117.9016873,127.159416,-7.699393067,-12.73718482
5394,116.5296252,126.5612256,-7.361573619,-12.33153517
5395,114.6252319,125.8570813,-7.717611743,-11.98616158
5396,113.2579987,125.0983491,-7.554213981,-11.65469171
5397,111.8655349,124.2872741,-6.97149127,-11.30240842
5398,110.1062011,123.3985266,-6.712172893,-10.95687635
5399,108.5281406,122.4527187,-6.604786524,-10.62975249
5400,107.1854073,121.4731857,-6.291466964,-10.3030815
5401,105.956629,120.4717043,-5.766511431,-9.959854744
5402,104.6706273,119.4454013,-5.247399125,-9.601835512
5403,103.4792374,118.4038057,-4.650116584,-9.223911325
5404,102.323064,117.3509379,-3.862585101,-8.812380785
5405,101.1709613,116.2880056,-2.937042601,-8.358803424
5406,99.89474729,115.2058423,-2.006194966,-7.866041833
5407,98.28044574,114.0788372,-1.657841871,-7.383876279
5408,96.5108735,112.8980442,-1.926048673,-6.960926258
5409,94.68180348,111.6628978,-2.352270193,-6.605233894
5410,93.53353257,110.4322485,-2.060457191,-6.25395327
5411,92.43814781,109.2099861,-1.26443194,-5.866301566
5413,89.220876,107.8252794,0.411337604,-5.374567508
5414,87.50894372,106.4115599,0.922327294,-4.88030568
5415,86.10426068,104.9957376,1.225425583,-4.400386644
5416,84.9218115,103.5958002,1.436428163,-3.941074869
5417,83.96204015,102.2283642,1.683123817,-3.497896285
5418,82.77422927,100.8725993,1.951837973,-3.06782339
5419,81.56827741,99.52613793,2.433277944,-2.63277071
5420,80.11025742,98.16803659,2.563258151,-2.221314736
5421,78.79215385,96.81042686,2.819643389,-1.821472524
5422,77.8674965,95.4848247,3.059625287,-1.433651425
5423,76.99368308,94.19280479,3.183791083,-1.066199839
5424,76.15985359,92.93494772,3.299313914,-0.718218035
5425,75.24540737,91.70211648,3.484322821,-0.382610695
5426,74.28746651,90.48886578,3.62000709,-0.06236597
5427,73.00656015,89.2677626,3.703012672,0.239492665
5428,71.88229052,88.05198327,3.804002141,0.525845311
5429,70.62059066,86.83008955,3.923666629,0.799402271
5430,69.60752334,85.62249991,4.225018417,1.07573549
5431,68.32125529,84.4061851,4.384144322,1.34322135
5432,67.44781753,83.21493639,4.645589022,1.61075768
5433,66.61344845,82.04992693,4.881919971,1.876326411
5434,65.70505378,80.90316795,5.041268284,2.133907402
5436,65.02954124,79.79190943,5.942074613,2.443590227
5437,65.05292098,78.76942637,6.717828716,2.791271334
5438,65.06972324,77.82824903,7.590886975,3.181783051
5439,64.63664827,76.92593915,8.517657414,3.616083741
5440,64.15184827,76.05530894,9.356660776,4.083710187
5441,63.62704385,75.2106727,10.24394162,4.585928169
5442,61.36573215,74.25072981,10.77464476,5.091435096
5443,59.34151679,73.20351239,11.33206589,5.602116555
5444,58.00398134,72.13091702,11.84298965,6.113838811
5445,56.71886417,71.03913222,12.07476273,6.604132587
5446,55.39959947,69.92691995,12.11082442,7.058977537
5447,54.00830018,68.79010049,11.78344577,7.451997845
5449,51.67933886,67.55539761,11.11763039,7.760885571
5450,51.13492156,66.37358622,11.31993804,8.06184335
5451,50.48416163,65.23200154,11.46721911,8.351078172
5452,49.81197198,64.12577918,11.26688198,8.601627794
5453,48.73320507,63.01954629,10.78561917,8.793987158
5454,48.42402289,61.97502441,10.61249692,8.957419615
5455,48.69190633,61.03366839,10.62144276,9.108789111
5456,48.50441764,60.15088981,10.40827512,9.231225467
5457,47.29968496,59.24052496,9.819968729,9.296905128
5458,46.21663553,58.31449008,9.265166123,9.31295347
5459,45.07951831,57.36967432,8.740078255,9.285634785
5460,43.39539857,56.36367676,8.208062868,9.217784786
5461,42.39409284,55.35604348,7.659630267,9.111256364
5462,41.41393337,54.34859834,7.124681314,8.970155557
5463,40.79860846,53.37058635,6.72507512,8.808040417
5464,40.32469578,52.4310471,6.64982906,8.652567947
5465,40.58482354,51.58584206,6.744824612,8.516872068
5466,40.70000102,50.81596929,7.079608895,8.418637305
5468,39.85031524,50.03815578,7.447032945,8.35755191
5469,38.80720534,49.23750986,7.537669556,8.308512449
5470,36.81457619,48.3396656,7.726522579,8.278453887
5471,35.01867357,47.36800137,8.016500821,8.274002159
5472,32.54302711,46.27377444,7.995643985,8.268225837
5473,30.45534223,45.09768373,7.789974182,8.246406506
5474,28.66303229,43.86982005,7.520900588,8.204713745
5475,27.61364031,42.65381407,7.49509784,8.164211977
5476,26.78540133,41.466475,7.866409976,8.15665668
5477,26.02275265,40.31082142,8.362042653,8.189441948
5478,24.95094059,39.15958062,8.346352001,8.218405019
5479,23.6231279,37.99187627,7.886483902,8.208221755
5480,22.31710524,36.81074339,7.167131793,8.141142784
5481,20.99615348,35.61603476,6.549716416,8.029792674
5482,20.4283479,34.46921435,6.534619137,7.925939342
5483,19.98197967,33.37627655,6.366745894,7.816743906
5484,20.26852831,32.3917877,5.857631704,7.675256595
5485,21.59681739,31.59081465,6.058554098,7.560947568
5486,22.6130266,30.93397768,6.537309805,7.493973715
5487,23.41281443,30.39264834,7.160503522,7.482217353
5488,22.27601482,29.80247963,7.257788894,7.479182625
5489,20.38818468,29.10705814,6.812658636,7.440685766
5490,19.90149443,28.42698604,6.659467311,7.392913418
5491,19.66401046,27.78104937,6.345867713,7.323726179
5492,19.15943194,27.14515775,5.850559897,7.220225696
5493,18.71359134,26.52323644,5.632086905,7.107297416
5494,17.77568001,25.87472889,5.121931965,6.962285702
5495,18.02620281,25.29702656,5.050907389,6.822917732
5496,18.26304133,24.783495,5.090691533,6.697639027
5497,18.81646253,24.35450598,5.082841511,6.581527544
5498,19.10406984,23.98213002,5.093492338,6.475350176
5499,19.39721644,23.66238421,5.377527462,6.400255494
5500,19.89410929,23.40749333,5.441937426,6.336198896
5501,20.07556009,23.18708727,5.768535301,6.303344674
5502,20.60290192,23.02620978,6.196118804,6.307351848
5503,19.2633823,22.77048343,6.081820711,6.301878955
5504,18.41895406,22.46703174,6.239963069,6.309517059
5505,18.72356342,22.21173965,6.377978567,6.327626706
5506,17.91183983,21.91131116,5.520188769,6.275525437
5507,17.73453495,21.62015633,4.78783625,6.168763815
5508,18.45275496,21.40937106,4.467304863,6.044644334
5509,20.26468291,21.36038581,4.284788975,5.915593223
5510,22.1210771,21.46411402,4.238098229,5.792889311
5511,24.97249154,21.78841413,4.353222348,5.689013799
5512,27.38999772,22.28123796,3.777820319,5.54711411
5513,30.66029913,22.99780114,3.377546474,5.384209014
5514,36.17879486,24.10091244,4.082486456,5.290579283
5515,40.51495412,25.46552041,5.335403978,5.304755382
5516,43.29436983,26.94632517,6.173514293,5.385039357
5517,46.10466482,28.53671666,7.107230607,5.533929174
5518,47.60317076,30.12291971,7.887671501,5.733767167
5519,49.31015456,31.72198179,8.671351184,5.98082894
5521,51.29080014,33.35484498,9.892619744,6.30651622
5522,51.782765,34.89947386,10.37185314,6.645169273
5523,51.9934217,36.34020742,10.7586348,6.988359547
5525,52.50604447,37.70938797,11.25641728,7.344634496
5526,53.24507435,39.03076879,11.32713962,7.678720675
5527,54.29286294,40.33285028,11.33729525,7.987495798
5528,55.39957898,41.62186762,11.38120312,8.275646117
5529,56.21109766,42.87516761,11.4414249,8.546092868
5530,57.15855077,44.10644527,11.60226732,8.808290245
5532,59.55733711,45.43381969,12.01598639,9.083164056
5533,61.50482212,46.81358172,12.56950236,9.380934716
5534,63.62597835,48.2555631,13.07523945,9.695979825
5535,65.19733167,49.71080406,13.42596796,10.01451683
5536,66.30376767,51.14098135,13.44517615,10.30968474
5537,67.63859154,52.56637165,13.44835902,10.58202579
5538,68.24816543,53.92918425,13.21122852,10.8140519
5539,68.78471777,55.22845641,12.92474989,11.00495798
5540,69.98702231,56.52255031,12.66321426,11.15996005
5541,71.34872981,57.82465501,12.43423644,11.28447694
5542,73.4236115,59.19134063,12.37143627,11.39422003
5543,75.45973871,60.61444883,12.12246392,11.47541363
5544,76.9918321,62.04914387,11.65631717,11.51287292
5545,78.11859475,63.46201212,11.25849536,11.51549759
5546,78.8674362,64.82445115,10.93970994,11.49235041
5547,79.62618825,66.14119937,10.59760284,11.44357636
5548,80.67867259,67.43938712,10.24885253,11.37064666
5549,81.69857693,68.71785292,9.727050836,11.26157157
5550,82.32411297,69.94651068,9.221289842,11.12046412
5551,83.3068884,71.15790599,8.880358388,10.96304857
5552,84.47802679,72.36849549,8.495653106,10.78708955
5553,85.4648935,73.5635636,8.064621212,10.59032177
5554,88.65772007,74.92124208,7.338267306,10.35068764
5555,91.63698711,76.41168732,7.954460506,10.1792116
5556,94.20907926,77.99186152,7.954787501,10.02117121
5557,95.52066,79.55365489,6.790816971,9.782139143
5559,96.99558471,81.11160497,4.195623417,9.35366486
5560,97.57797445,82.59443101,3.184919985,8.877638851
5561,98.2162966,84.01249349,2.365598026,8.373128455
5562,98.42483594,85.33638834,1.241844931,7.817945773
5563,99.41317797,86.63601965,0.699584634,7.262689101
5564,100.9820724,87.95984512,0.27544416,6.716837435
5565,102.7308672,89.32040078,0.125352968,6.201634056
5566,104.3326081,90.70302061,-0.081596728,5.710122215
5568,106.6009139,92.15943769,-1.278609812,5.161046151
5569,107.1714942,93.5477235,-2.304494087,4.572631916
5570,108.4150873,94.92718152,-2.639639943,4.003352977
5571,109.2218555,96.26346874,-3.140195266,3.438447114
5572,110.0846246,97.56445237,-3.774386014,2.866854791
5574,112.2908849,98.94064117,-5.166469494,2.228315893
5575,113.3742622,100.2960989,-5.893452631,1.581406689
5576,114.1553285,101.6082013,-6.522031525,0.934673758
5577,115.343877,102.9130189,-6.836786706,0.313271976
5578,116.8317108,104.235124,-6.910966829,-0.265485432
5579,118.3017041,105.571734,-6.696335392,-0.78177057
5580,119.6564721,106.9124734,-6.516713369,-1.243276523
5582,120.8228909,108.2419139,-7.196859338,-1.723240418
5583,121.2591351,109.5023788,-7.877776264,-2.220280674
5584,121.9018012,110.7158173,-8.323959225,-2.714236255
5585,122.2992363,111.8662391,-8.840803055,-3.211015385
5586,122.7690577,112.9643776,-9.179096348,-3.696077509
5588,123.3394604,114.022388,-9.696545503,-4.184707197
5589,123.2155335,114.9877231,-9.78246416,-4.64201672
5590,123.2345487,115.8790939,-9.982573335,-5.079613394
5591,122.9172728,116.6753141,-10.510827,-5.525355952
5592,122.4361269,117.3706819,-11.13204124,-5.986062824
5593,122.586514,118.023733,-11.73668117,-6.459234541
5594,122.0350309,118.5814865,-12.83487143,-6.983479089
5595,121.3531731,119.0409388,-14.12335161,-7.570063823
5596,121.5348151,119.4790295,-14.91037126,-8.173896607
5597,121.4115166,119.8729731,-15.35123436,-8.765866888
5598,121.4746275,120.2411717,-15.84853189,-9.351428355
5599,121.0750888,120.5485342,-16.7263239,-9.961597835
5600,121.7109794,120.8828594,-17.85870438,-10.61486898
5601,121.5128219,121.1751481,-19.03758308,-11.31160038
5602,120.7865133,121.3863299,-20.1924622,-12.0464687
5603,119.9431079,121.5133561,-21.52199779,-12.83049907
5604,119.6135103,121.6040152,-23.92099928,-13.74561819
5605,117.8667304,121.547493,-25.67037466,-14.72947489
5606,117.8358716,121.4929159,-27.11920292,-15.75259003
5607,117.6687915,121.429207,-29.54155171,-16.88996994
5608,117.3415708,121.344237,-29.93930777,-17.97030677
5609,117.431579,121.2731303,-29.94936181,-18.9669676
5610,117.5402063,121.216296,-29.83127126,-19.87621869
5611,117.5983722,121.1685711,-29.58776135,-20.69483685
5612,117.562664,121.1217145,-29.31015173,-21.42717477
5613,117.524934,121.0754962,-29.17029336,-22.09102723
5614,117.3411063,121.0181491,-29.18210959,-22.70391409
5615,117.2840333,120.9607093,-29.20256259,-23.27051353
5616,117.3580452,120.9136971,-29.01253307,-23.77756452
5617,117.2992236,120.8656437,-28.87097398,-24.23361109
5618,116.9150391,120.7905365,-28.83273517,-24.65092806
5619,116.3640204,120.677111,-28.88648875,-25.03992189
5620,115.6069759,120.5118404,-28.91829353,-25.40104714
5621,115.2778018,120.3330941,-28.84607453,-25.72814043
5622,114.8372273,120.1329918,-28.82076184,-26.02762495
5623,114.9592008,119.9583198,-28.64772754,-26.28981242
5624,114.5899334,119.7676918,-28.69071163,-26.53494417
5625,113.6038454,119.5128867,-29.31325605,-26.81083467
5626,112.2564061,119.1699427,-28.94376331,-27.03551721
5627,112.5751028,118.8793765,-27.59599623,-27.13453866
5628,113.8725655,118.715589,-25.49077825,-27.05697816
5629,115.2037625,118.6713717,-23.67054137,-26.83949988
5630,116.4340162,118.7292785,-21.14516772,-26.43649344
5631,117.3439067,118.8556302,-18.00867313,-25.81345524
5633,118.369405,119.0543462,-12.85293472,-24.82564841
5634,118.4109735,119.2408564,-11.16979767,-23.78010047
5635,118.1585707,119.3925388,-9.76326706,-22.70351063
5636,118.1161825,119.5289601,-8.484833232,-21.60857973
5637,117.73417,119.6240759,-7.316809413,-20.50559691
5639,115.6402663,119.5438225,-6.017820557,-19.38468844
5640,114.2196006,119.3559076,-5.719174378,-18.32748359
5641,112.9281757,119.0791153,-5.388464729,-17.32642924
5642,111.2978984,118.6932199,-5.3618573,-16.40152343
5644,107.7290836,118.0512826,-5.490634968,-15.55927322
5645,105.8301134,117.3072474,-5.80066323,-14.80775125
5646,104.2983273,116.4985465,-5.942605234,-14.12638204
5647,103.0440041,115.6524893,-5.739521085,-13.48200856
5649,99.29745408,114.5721205,-5.379889854,-12.85918265
5650,97.92983164,113.4665531,-5.148753691,-12.26652462
5651,97.0813309,112.3793914,-4.814345495,-11.6933929
5652,96.41333157,111.3236722,-4.358125997,-11.12849128
5654,94.17233284,110.1707821,-3.434730098,-10.53370862
5655,92.74776029,108.9937973,-3.115272759,-9.959817477
5656,91.00483944,107.7690705,-2.425319279,-9.375470357
5657,89.86478525,106.548685,-2.259400324,-8.823512481
5658,88.04698504,105.277946,-2.293122035,-8.317422192
5659,85.86372874,103.9314817,-2.274498884,-7.849414587
5660,83.57759612,102.506963,-2.285098911,-7.418855299
5661,80.92214151,100.9808743,-2.346775946,-7.026912245
5663,76.1165297,99.18871558,-3.915147675,-6.791402551
5664,73.74791571,97.34674086,-4.906869798,-6.65384583
5665,71.54016635,95.47174706,-5.271130617,-6.556259761
5666,69.51988518,93.58135123,-5.289254524,-6.467758461
5667,67.7150077,91.69403319,-4.81086039,-6.347810752
5668,65.68163306,89.79122676,-4.422235006,-6.206075199
5669,64.13213634,87.91295016,-3.962458688,-6.038549305
5671,62.45664313,86.04718024,-2.950865624,-5.802994173
5672,61.68173768,84.26516611,-2.661681391,-5.562666876
5673,61.02750118,82.57003571,-2.032951378,-5.290709027
5674,59.64970859,80.89696555,-1.921842343,-5.031107337
5675,57.8663462,79.21170381,-1.955882725,-4.794536538
5676,56.61009341,77.55747806,-1.658423078,-4.552609311
5677,55.85188435,75.9718044,-1.174606735,-4.290798723
5678,55.29938352,74.46581986,-0.477012514,-3.993514667
5679,54.97593308,73.05166258,0.440175356,-3.645919756
5680,54.72134461,71.7276744,1.560431741,-3.235662206
5681,54.75114814,70.50961234,2.442066263,-2.786779707
5682,54.77193241,69.38846964,2.970049064,-2.330655599
5683,54.99050188,68.37252956,3.634289016,-1.856928352
5684,54.52297884,67.39854065,4.298198771,-1.367001013
5685,53.29212411,66.40200313,4.995514982,-0.859461233
5687,51.73013498,65.35812331,6.620358502,-0.261298612
5688,49.77095327,64.23874852,7.111478131,0.329475485
5689,47.43465292,63.01953755,6.593850111,0.832537281
5690,45.39215998,61.73186094,5.827127225,1.234768469
5691,43.3212193,60.3787912,5.080173042,1.545639453
5692,40.65114809,58.91739181,4.232362151,1.764205892
5693,38.85945287,57.42657989,3.721870397,1.924738997
5694,38.38065661,56.01395,4.172670566,2.108872587
5695,38.37790746,54.71156729,4.814719447,2.33009925
5696,37.50779258,53.44124769,4.538146732,2.511844857
5697,36.25210328,52.16956081,4.032610707,2.638833968
5698,33.87838715,50.8069478,3.325607367,2.699190862
5699,33.8357736,49.54747353,4.154156485,2.821277487
5700,33.19185752,48.33484807,5.153393097,3.013955714
5701,32.67884884,47.17590663,6.170803988,3.273162857
5702,32.61975063,46.10285473,6.819162683,3.564098369
5703,30.9943227,44.98335617,6.62206178,3.816475231
5704,26.17495488,43.5648891,5.958863218,3.995927698
5707,18.68987181,41.65704249,4.194779035,4.019867431
5708,22.57765988,40.21019009,2.396168032,3.897686474
5709,24.03478341,38.99334285,2.710569964,3.810275103
5710,24.54291021,37.91240484,4.014414656,3.834267645
5712,19.81413802,36.53674865,2.07893456,3.701158467
5713,143.1171884,45.15757342,5.913138517,3.885961584
5714,141.689993,52.98978862,6.515500584,4.104622535
5715,142.446013,60.27015739,6.131445023,4.275382943
5716,142.5077306,66.98615108,5.546730884,4.385895814
5717,141.7589643,73.116903,6.622439575,4.574038415
5718,141.2752503,78.72943626,6.99655038,4.777471952
5720,141.9253614,83.95520833,6.094141518,4.892623795
5721,142.0185934,88.77980223,6.013497901,4.992303146
5722,142.1245707,93.23561226,6.026657542,5.085242975
5723,142.4003054,97.36509188,5.747424894,5.148520451
5724,142.6881432,101.1947308,5.377471967,5.177179403
5726,143.1437305,104.76143,5.147978037,5.185191812
5727,143.6930963,108.0932725,4.698587448,5.156536526
5728,143.6782475,111.1633741,4.447935301,5.110019781
5729,143.2313482,113.9575523,4.766237057,5.092668446
5730,142.8154853,116.4998737,5.078433905,5.101712173
5731,142.3059668,118.8025221,5.416551321,5.137165697
5732,141.8372792,120.8875146,5.704028007,5.192902385
5733,141.5226534,122.7842278,5.956264331,5.264509818
5734,141.9819973,124.5694574,5.323619767,5.279779456
5735,142.3787083,126.2468982,4.582963018,5.234454336
5736,142.8254847,127.8289946,3.96511307,5.143122075
5737,142.5337263,129.2639721,3.024716617,4.983512202
5738,142.1171531,130.5533252,0.597874259,4.641751063
5739,141.0554002,131.6566982,2.119503962,4.448750348
5740,141.8325391,132.7361141,0.555852107,4.14543741
5741,141.1590551,133.6771062,-0.815752758,3.755840833
5742,30.14415198,125.6411175,4.887094693,3.854079074
5743,26.3018837,117.9253931,7.889320991,4.185413634
5745,26.15363957,110.8011493,9.184260825,4.594692006
5746,27.48507396,104.3408023,9.913603793,5.030458115
5748,33.1773502,98.84217509,13.75164247,5.739958017
5749,35.76548646,93.98110901,15.71185298,6.551183909
5750,38.2359249,89.69830747,17.39719533,7.434136393
5752,41.70614936,86.028733,20.93967977,8.532149244
5753,44.73960029,82.88940202,23.18178328,9.724114192
5755,52.73347611,80.63667557,28.95803157,11.28612259
5756,57.08575461,78.90916506,31.69139131,12.94519739
5758,65.11474785,77.96067113,34.70876057,14.71652555
5759,86.99091485,78.84081802,39.44355699,16.72906652
5760,90.13198225,79.90405103,36.45436909,18.34449392
5762,95.05927389,81.279308,30.90853552,19.38881905
5763,96.74547001,82.68225281,28.63553736,20.16918349
5764,97.48501557,84.03479889,27.02916224,20.75969216
5766,94.55176351,85.04632905,23.32695724,21.0071062
5767,94.92654965,86.0088154,23.5671306,21.25443437
5769,98.08201509,87.14910365,19.52897421,21.15856133
5770,98.36203235,88.22267873,18.05885966,20.95228238
5771,101.6955676,89.47964978,17.8042524,20.74171494
5772,108.007687,91.14455766,17.29527866,20.50679418
5774,143.5925559,95.53317624,16.18297381,20.20103738
5775,149.4170817,100.0457318,21.25045167,20.32560248
5776,157.135455,104.8244191,17.90410123,20.17204928
5777,170.2271245,110.2793649,6.807741753,19.14057592
5778,172.5956428,115.4976891,1.83532391,17.79097586
5780,172.5969679,120.3080466,-4.075216147,16.07288921